{"cameraMode":{"drawMode":0,"name":"Shaded","section":"Shading Mode"},"sceneLighting":true,"audioPlay":false,"sceneViewState":{"m_AlwaysRefresh":false,"showFog":true,"showSkybox":true,"showFlares":true,"showImageEffects":true,"showParticleSystems":true,"showVisualEffectGraphs":true,"m_FxEnabled":false},"in2DMode":false,"pivot":{"x":-5.788730621337891,"y":13.483566284179688,"z":170.24502563476563},"rotation":{"x":0.15812133252620698,"y":-0.49857449531555178,"z":0.09302954375743866,"w":0.8472285866737366},"size":19.009782791137697,"orthographic":false}