{"cameraMode":{"drawMode":0,"name":"Shaded","section":"Shading Mode"},"sceneLighting":true,"audioPlay":false,"sceneViewState":{"m_AlwaysRefresh":false,"showFog":true,"showSkybox":true,"showFlares":true,"showImageEffects":true,"showParticleSystems":true,"showVisualEffectGraphs":true,"m_FxEnabled":false},"in2DMode":false,"pivot":{"x":-20.313928604125978,"y":-6.140254974365234,"z":67.59986877441406},"rotation":{"x":0.15761029720306397,"y":-0.42376232147216799,"z":0.07513409107923508,"w":0.8887969851493836},"size":28.477128982543947,"orthographic":false}