{"cameraMode":{"drawMode":0,"name":"Shaded","section":"Shading Mode"},"sceneLighting":true,"audioPlay":false,"sceneViewState":{"m_AlwaysRefresh":false,"showFog":true,"showSkybox":true,"showFlares":true,"showImageEffects":true,"showParticleSystems":true,"showVisualEffectGraphs":true,"m_FxEnabled":false},"in2DMode":false,"pivot":{"x":-26.11053466796875,"y":-13.589452743530274,"z":31.992412567138673},"rotation":{"x":0.16636735200881959,"y":-0.29887524247169497,"z":0.052990444004535678,"w":0.9381939172744751},"size":29.690603256225587,"orthographic":false}