{"cameraMode":{"drawMode":0,"name":"Shaded","section":"Shading Mode"},"sceneLighting":true,"audioPlay":false,"sceneViewState":{"m_AlwaysRefresh":false,"showFog":true,"showSkybox":true,"showFlares":true,"showImageEffects":true,"showParticleSystems":true,"showVisualEffectGraphs":true,"m_FxEnabled":false},"in2DMode":false,"pivot":{"x":2.7962188720703127,"y":19.392736434936525,"z":190.40887451171876},"rotation":{"x":0.15812133252620698,"y":-0.49857449531555178,"z":0.09302954375743866,"w":0.8472285866737366},"size":7.8936991691589359,"orthographic":false}