{"cameraMode":{"drawMode":0,"name":"Shaded","section":"Shading Mode"},"sceneLighting":true,"audioPlay":false,"sceneViewState":{"m_AlwaysRefresh":false,"showFog":true,"showSkybox":true,"showFlares":true,"showImageEffects":true,"showParticleSystems":true,"showVisualEffectGraphs":true,"m_FxEnabled":true},"in2DMode":false,"pivot":{"x":6.5138092041015629,"y":1.474148154258728,"z":-2.9015631675720217},"rotation":{"x":-0.011882507242262364,"y":0.6937492489814758,"z":-0.011447528377175331,"w":-0.7200385332107544},"size":7.377554893493652,"orthographic":true}